{
  "Total" : {
    "transaction" : "Total",
    "sampleCount" : 40,
    "errorCount" : 30,
    "errorPct" : 75.0,
    "meanResTime" : 3533.35,
    "medianResTime" : 4305.0,
    "minResTime" : 602.0,
    "maxResTime" : 5190.0,
    "pct1ResTime" : 5009.7,
    "pct2ResTime" : 5186.349999999999,
    "pct3ResTime" : 5190.0,
    "throughput" : 2.757479663587481,
    "receivedKBytesPerSec" : 2.5388201433889424,
    "sentKBytesPerSec" : 0.52308635219909
  },
  "GET Request - Get Users" : {
    "transaction" : "GET Request - Get Users",
    "sampleCount" : 10,
    "errorCount" : 10,
    "errorPct" : 100.0,
    "meanResTime" : 4853.2,
    "medianResTime" : 4866.5,
    "minResTime" : 4422.0,
    "maxResTime" : 5190.0,
    "pct1ResTime" : 5190.0,
    "pct2ResTime" : 5190.0,
    "pct3ResTime" : 5190.0,
    "throughput" : 1.9264110961279137,
    "receivedKBytesPerSec" : 3.288443941437103,
    "sentKBytesPerSec" : 0.2389201261799268
  },
  "DELETE Request - Delete User" : {
    "transaction" : "DELETE Request - Delete User",
    "sampleCount" : 10,
    "errorCount" : 10,
    "errorPct" : 100.0,
    "meanResTime" : 4532.0,
    "medianResTime" : 4538.5,
    "minResTime" : 4501.0,
    "maxResTime" : 4548.0,
    "pct1ResTime" : 4547.5,
    "pct2ResTime" : 4548.0,
    "pct3ResTime" : 4548.0,
    "throughput" : 2.176278563656148,
    "receivedKBytesPerSec" : 1.3100176822633298,
    "sentKBytesPerSec" : 0.44205658324265507
  },
  "PUT Request - Update User" : {
    "transaction" : "PUT Request - Update User",
    "sampleCount" : 10,
    "errorCount" : 10,
    "errorPct" : 100.0,
    "meanResTime" : 4130.7,
    "medianResTime" : 4140.5,
    "minResTime" : 4047.0,
    "maxResTime" : 4188.0,
    "pct1ResTime" : 4185.9,
    "pct2ResTime" : 4188.0,
    "pct3ResTime" : 4188.0,
    "throughput" : 2.3792529145848205,
    "receivedKBytesPerSec" : 1.610642695693552,
    "sentKBytesPerSec" : 0.5227850642398286
  },
  "POST Request - Create User" : {
    "transaction" : "POST Request - Create User",
    "sampleCount" : 10,
    "errorCount" : 0,
    "errorPct" : 0.0,
    "meanResTime" : 617.5,
    "medianResTime" : 608.5,
    "minResTime" : 602.0,
    "maxResTime" : 710.0,
    "pct1ResTime" : 700.2,
    "pct2ResTime" : 710.0,
    "pct3ResTime" : 710.0,
    "throughput" : 14.084507042253522,
    "receivedKBytesPerSec" : 9.815140845070424,
    "sentKBytesPerSec" : 2.984705105633803
  }
}